Operation	Format	Size	Filter	Seconds
Read	Parquet	Small	read_whole_file	0.059189796447753906
Read	Parquet	Small	1_categorical	0.004597187042236328
Read	Parquet	Small	1_numeric	0.003699779510498047
Read	Parquet	Small	1_of_each	0.0037937164306640625
Read	Parquet	Small	2_categorical	0.002991914749145508
Read	Parquet	Small	2_numeric	0.0033876895904541016
Read	Parquet	Small	2_of_each	0.0027527809143066406
Read	CSV	Small	read_whole_file	0.0038962364196777344
Read	CSV	Small	1_categorical	0.0023250579833984375
Read	CSV	Small	1_numeric	0.0022194385528564453
Read	CSV	Small	1_of_each	0.0014448165893554688
Read	CSV	Small	2_categorical	0.001474142074584961
Read	CSV	Small	2_numeric	0.0013740062713623047
Read	CSV	Small	2_of_each	0.0014679431915283203
Read	Excel	Small	read_whole_file	0.012612581253051758
Read	Excel	Small	1_categorical	0.0048716068267822266
Read	Excel	Small	1_numeric	0.005305767059326172
Read	Excel	Small	1_of_each	0.004846334457397461
Read	Excel	Small	2_categorical	0.004829883575439453
Read	Excel	Small	2_numeric	0.004843711853027344
Read	Excel	Small	2_of_each	0.004907131195068359
Read	GCT	Small	read_whole_file	0.0014805793762207031
Read	GCT	Small	1_categorical	0.0017631053924560547
Read	GCT	Small	1_numeric	0.0019512176513671875
Read	GCT	Small	1_of_each	0.001882314682006836
Read	GCT	Small	2_categorical	0.001871347427368164
Read	GCT	Small	2_numeric	0.0020203590393066406
Read	GCT	Small	2_of_each	0.0018956661224365234
Read	HDF5	Small	read_whole_file	0.030500173568725586
Read	HDF5	Small	1_categorical	0.009809732437133789
Read	HDF5	Small	1_numeric	0.0091705322265625
Read	HDF5	Small	1_of_each	0.00919795036315918
Read	HDF5	Small	2_categorical	0.009238958358764648
Read	HDF5	Small	2_numeric	0.009247303009033203
Read	HDF5	Small	2_of_each	0.009430170059204102
Read	JSON	Small	read_whole_file	0.006302833557128906
Read	JSON	Small	1_categorical	0.017412424087524414
Read	JSON	Small	1_numeric	0.01274561882019043
Read	JSON	Small	1_of_each	0.012471437454223633
Read	JSON	Small	2_categorical	0.012302637100219727
Read	JSON	Small	2_numeric	0.012352705001831055
Read	JSON	Small	2_of_each	0.012178182601928711
Read	MsgPack	Small	read_whole_file	0.001190185546875
Read	MsgPack	Small	1_categorical	0.0016961097717285156
Read	MsgPack	Small	1_numeric	0.0017199516296386719
Read	MsgPack	Small	1_of_each	0.0017201900482177734
Read	MsgPack	Small	2_categorical	0.0018374919891357422
Read	MsgPack	Small	2_numeric	0.0017199516296386719
Read	MsgPack	Small	2_of_each	0.001722097396850586
Read	Pickle	Small	read_whole_file	0.001497507095336914
Read	Pickle	Small	1_categorical	0.0020864009857177734
Read	Pickle	Small	1_numeric	0.0022602081298828125
Read	Pickle	Small	1_of_each	0.002085447311401367
Read	Pickle	Small	2_categorical	0.002079486846923828
Read	Pickle	Small	2_numeric	0.0021131038665771484
Read	Pickle	Small	2_of_each	0.002114534378051758
Read	SQLite	Small	read_whole_file	0.06159663200378418
Read	SQLite	Small	1_categorical	0.0018720626831054688
Read	SQLite	Small	1_numeric	0.0021011829376220703
Read	SQLite	Small	1_of_each	0.002123594284057617
Read	SQLite	Small	2_categorical	0.001905679702758789
Read	SQLite	Small	2_numeric	0.0020055770874023438
Read	SQLite	Small	2_of_each	0.002147197723388672
Read	Stata	Small	read_whole_file	0.005639314651489258
Read	Stata	Small	1_categorical	0.01634502410888672
Read	Stata	Small	1_numeric	0.01262974739074707
Read	Stata	Small	1_of_each	0.013045072555541992
Read	Stata	Small	2_categorical	0.012621164321899414
Read	Stata	Small	2_numeric	0.013593435287475586
Read	Stata	Small	2_of_each	0.014076948165893555
Read	TSV	Small	read_whole_file	0.0015616416931152344
Read	TSV	Small	1_categorical	0.0010006427764892578
Read	TSV	Small	1_numeric	0.000982522964477539
Read	TSV	Small	1_of_each	0.0010356903076171875
Read	TSV	Small	2_categorical	0.0010364055633544922
Read	TSV	Small	2_numeric	0.0010051727294921875
Read	TSV	Small	2_of_each	0.001134634017944336
Write	Parquet	Small	read_whole_file	0.002466917037963867
Write	Parquet	Small	1_categorical	0.002479076385498047
Write	Parquet	Small	1_numeric	0.0025970935821533203
Write	Parquet	Small	1_of_each	0.002685546875
Write	Parquet	Small	2_categorical	0.0027272701263427734
Write	Parquet	Small	2_numeric	0.002552032470703125
Write	Parquet	Small	2_of_each	0.0033686161041259766
Write	CSV	Small	read_whole_file	0.0024499893188476562
Write	CSV	Small	1_categorical	0.0014808177947998047
Write	CSV	Small	1_numeric	0.0015842914581298828
Write	CSV	Small	1_of_each	0.0015943050384521484
Write	CSV	Small	2_categorical	0.001741170883178711
Write	CSV	Small	2_numeric	0.0019278526306152344
Write	CSV	Small	2_of_each	0.0017824172973632812
Write	Excel	Small	read_whole_file	0.04693198204040527
Write	Excel	Small	1_categorical	0.009977340698242188
Write	Excel	Small	1_numeric	0.011859893798828125
Write	Excel	Small	1_of_each	0.009537696838378906
Write	Excel	Small	2_categorical	0.008493900299072266
Write	Excel	Small	2_numeric	0.01001882553100586
Write	Excel	Small	2_of_each	0.009426355361938477
Write	GCT	Small	read_whole_file	0.017662763595581055
Write	GCT	Small	1_categorical	0.00504755973815918
Write	GCT	Small	1_numeric	0.0041332244873046875
Write	GCT	Small	1_of_each	0.005888938903808594
Write	GCT	Small	2_categorical	0.0055370330810546875
Write	GCT	Small	2_numeric	0.005125761032104492
Write	GCT	Small	2_of_each	0.007025957107543945
Write	HDF5	Small	read_whole_file	0.018379688262939453
Write	HDF5	Small	1_categorical	0.014617204666137695
Write	HDF5	Small	1_numeric	0.017174720764160156
Write	HDF5	Small	1_of_each	0.01739335060119629
Write	HDF5	Small	2_categorical	0.014059305191040039
Write	HDF5	Small	2_numeric	0.017328262329101562
Write	HDF5	Small	2_of_each	0.014977455139160156
Write	JSON	Small	read_whole_file	0.0018157958984375
Write	JSON	Small	1_categorical	0.0013303756713867188
Write	JSON	Small	1_numeric	0.0011949539184570312
Write	JSON	Small	1_of_each	0.0013267993927001953
Write	JSON	Small	2_categorical	0.0013484954833984375
Write	JSON	Small	2_numeric	0.0011436939239501953
Write	JSON	Small	2_of_each	0.0013115406036376953
Write	MsgPack	Small	read_whole_file	0.0014891624450683594
Write	MsgPack	Small	1_categorical	0.0006814002990722656
Write	MsgPack	Small	1_numeric	0.0008332729339599609
Write	MsgPack	Small	1_of_each	0.0006723403930664062
Write	MsgPack	Small	2_categorical	0.0005998611450195312
Write	MsgPack	Small	2_numeric	0.0007205009460449219
Write	MsgPack	Small	2_of_each	0.0005962848663330078
Write	Pickle	Small	read_whole_file	0.002012491226196289
Write	Pickle	Small	1_categorical	0.0015544891357421875
Write	Pickle	Small	1_numeric	0.0012178421020507812
Write	Pickle	Small	1_of_each	0.0012831687927246094
Write	Pickle	Small	2_categorical	0.001089334487915039
Write	Pickle	Small	2_numeric	0.0016238689422607422
Write	Pickle	Small	2_of_each	0.0018038749694824219
Write	SQLite	Small	read_whole_file	0.03483009338378906
Write	SQLite	Small	1_categorical	0.015509843826293945
Write	SQLite	Small	1_numeric	0.018504619598388672
Write	SQLite	Small	1_of_each	0.0179440975189209
Write	SQLite	Small	2_categorical	0.016757726669311523
Write	SQLite	Small	2_numeric	0.021707773208618164
Write	SQLite	Small	2_of_each	0.02033519744873047
Write	Stata	Small	read_whole_file	0.033258914947509766
Write	Stata	Small	1_categorical	0.05402374267578125
Write	Stata	Small	1_numeric	0.03554081916809082
Write	Stata	Small	1_of_each	0.03755378723144531
Write	Stata	Small	2_categorical	0.03745460510253906
Write	Stata	Small	2_numeric	0.034491777420043945
Write	Stata	Small	2_of_each	0.0329282283782959
Write	TSV	Small	read_whole_file	0.002589702606201172
Write	TSV	Small	1_categorical	0.0015325546264648438
Write	TSV	Small	1_numeric	0.0011146068572998047
Write	TSV	Small	1_of_each	0.001806497573852539
Write	TSV	Small	2_categorical	0.001707315444946289
Write	TSV	Small	2_numeric	0.0018405914306640625
Write	TSV	Small	2_of_each	0.0018000602722167969
Read	Parquet	Medium	read_whole_file	0.026472806930541992
Read	Parquet	Medium	1_categorical	0.007531642913818359
Read	Parquet	Medium	1_numeric	0.006551265716552734
Read	Parquet	Medium	1_of_each	0.006339311599731445
Read	Parquet	Medium	2_categorical	0.0069539546966552734
Read	Parquet	Medium	2_numeric	0.005384922027587891
Read	Parquet	Medium	2_of_each	0.006932258605957031
Read	CSV	Medium	read_whole_file	0.024800539016723633
Read	CSV	Medium	1_categorical	0.007951736450195312
Read	CSV	Medium	1_numeric	0.007215261459350586
Read	CSV	Medium	1_of_each	0.006925106048583984
Read	CSV	Medium	2_categorical	0.006713390350341797
Read	CSV	Medium	2_numeric	0.006491899490356445
Read	CSV	Medium	2_of_each	0.006595611572265625
Read	Excel	Medium	read_whole_file	0.7385451793670654
Read	Excel	Medium	1_categorical	0.8014204502105713
Read	Excel	Medium	1_numeric	0.7941522598266602
Read	Excel	Medium	1_of_each	0.7786288261413574
Read	Excel	Medium	2_categorical	0.775083065032959
Read	Excel	Medium	2_numeric	0.7671761512756348
Read	Excel	Medium	2_of_each	0.7654414176940918
Read	GCT	Medium	read_whole_file	0.01817154884338379
Read	GCT	Medium	1_categorical	0.01631784439086914
Read	GCT	Medium	1_numeric	0.015334129333496094
Read	GCT	Medium	1_of_each	0.01648259162902832
Read	GCT	Medium	2_categorical	0.01621079444885254
Read	GCT	Medium	2_numeric	0.015756845474243164
Read	GCT	Medium	2_of_each	0.016060352325439453
Read	HDF5	Medium	read_whole_file	0.010900020599365234
Read	HDF5	Medium	1_categorical	0.00965261459350586
Read	HDF5	Medium	1_numeric	0.009537935256958008
Read	HDF5	Medium	1_of_each	0.009612798690795898
Read	HDF5	Medium	2_categorical	0.010005474090576172
Read	HDF5	Medium	2_numeric	0.01055908203125
Read	HDF5	Medium	2_of_each	0.010173320770263672
Read	JSON	Medium	read_whole_file	0.08768582344055176
Read	JSON	Medium	1_categorical	0.11110615730285645
Read	JSON	Medium	1_numeric	0.10067629814147949
Read	JSON	Medium	1_of_each	0.10273170471191406
Read	JSON	Medium	2_categorical	0.09895849227905273
Read	JSON	Medium	2_numeric	0.0991513729095459
Read	JSON	Medium	2_of_each	0.10004854202270508
Read	MsgPack	Medium	read_whole_file	0.006991863250732422
Read	MsgPack	Medium	1_categorical	0.008866548538208008
Read	MsgPack	Medium	1_numeric	0.00817728042602539
Read	MsgPack	Medium	1_of_each	0.00931549072265625
Read	MsgPack	Medium	2_categorical	0.008020401000976562
Read	MsgPack	Medium	2_numeric	0.008074760437011719
Read	MsgPack	Medium	2_of_each	0.008811473846435547
Read	Pickle	Medium	read_whole_file	0.0032854080200195312
Read	Pickle	Medium	1_categorical	0.004226207733154297
Read	Pickle	Medium	1_numeric	0.004084110260009766
Read	Pickle	Medium	1_of_each	0.0063250064849853516
Read	Pickle	Medium	2_categorical	0.004162788391113281
Read	Pickle	Medium	2_numeric	0.0040895938873291016
Read	Pickle	Medium	2_of_each	0.004010438919067383
Read	SQLite	Medium	read_whole_file	0.0448150634765625
Read	SQLite	Medium	1_categorical	0.005003690719604492
Read	SQLite	Medium	1_numeric	0.004098653793334961
Read	SQLite	Medium	1_of_each	0.005054473876953125
Read	SQLite	Medium	2_categorical	0.00448155403137207
Read	SQLite	Medium	2_numeric	0.004457712173461914
Read	SQLite	Medium	2_of_each	0.005721092224121094
Read	Stata	Medium	read_whole_file	0.07651758193969727
Read	Stata	Medium	1_categorical	0.025059938430786133
Read	Stata	Medium	1_numeric	0.0232236385345459
Read	Stata	Medium	1_of_each	0.023931026458740234
Read	Stata	Medium	2_categorical	0.024410486221313477
Read	Stata	Medium	2_numeric	0.022989988327026367
Read	Stata	Medium	2_of_each	0.022548675537109375
Read	TSV	Medium	read_whole_file	0.015074968338012695
Read	TSV	Medium	1_categorical	0.004491090774536133
Read	TSV	Medium	1_numeric	0.004447460174560547
Read	TSV	Medium	1_of_each	0.004491090774536133
Read	TSV	Medium	2_categorical	0.004468202590942383
Read	TSV	Medium	2_numeric	0.004473209381103516
Read	TSV	Medium	2_of_each	0.004779815673828125
Write	Parquet	Medium	read_whole_file	0.049836158752441406
Write	Parquet	Medium	1_categorical	0.012659788131713867
Write	Parquet	Medium	1_numeric	0.0042111873626708984
Write	Parquet	Medium	1_of_each	0.0029137134552001953
Write	Parquet	Medium	2_categorical	0.0025968551635742188
Write	Parquet	Medium	2_numeric	0.004660367965698242
Write	Parquet	Medium	2_of_each	0.0033278465270996094
Write	CSV	Medium	read_whole_file	0.10473179817199707
Write	CSV	Medium	1_categorical	0.0024755001068115234
Write	CSV	Medium	1_numeric	0.003054380416870117
Write	CSV	Medium	1_of_each	0.0028629302978515625
Write	CSV	Medium	2_categorical	0.0019307136535644531
Write	CSV	Medium	2_numeric	0.004303455352783203
Write	CSV	Medium	2_of_each	0.0019421577453613281
Write	Excel	Medium	read_whole_file	1.491307020187378
Write	Excel	Medium	1_categorical	0.03838825225830078
Write	Excel	Medium	1_numeric	0.08152937889099121
Write	Excel	Medium	1_of_each	0.025919437408447266
Write	Excel	Medium	2_categorical	0.021338939666748047
Write	Excel	Medium	2_numeric	0.06563520431518555
Write	Excel	Medium	2_of_each	0.017856359481811523
Write	GCT	Medium	read_whole_file	0.054437875747680664
Write	GCT	Medium	1_categorical	0.01060795783996582
Write	GCT	Medium	1_numeric	0.008179426193237305
Write	GCT	Medium	1_of_each	0.00982522964477539
Write	GCT	Medium	2_categorical	0.009328126907348633
Write	GCT	Medium	2_numeric	0.00733494758605957
Write	GCT	Medium	2_of_each	0.01024317741394043
Write	HDF5	Medium	read_whole_file	0.03566908836364746
Write	HDF5	Medium	1_categorical	0.01177215576171875
Write	HDF5	Medium	1_numeric	0.01275944709777832
Write	HDF5	Medium	1_of_each	0.011594772338867188
Write	HDF5	Medium	2_categorical	0.008546590805053711
Write	HDF5	Medium	2_numeric	0.015315771102905273
Write	HDF5	Medium	2_of_each	0.016055583953857422
Write	JSON	Medium	read_whole_file	0.023263931274414062
Write	JSON	Medium	1_categorical	0.0012040138244628906
Write	JSON	Medium	1_numeric	0.0017421245574951172
Write	JSON	Medium	1_of_each	0.0010564327239990234
Write	JSON	Medium	2_categorical	0.0009207725524902344
Write	JSON	Medium	2_numeric	0.001100778579711914
Write	JSON	Medium	2_of_each	0.0008227825164794922
Write	MsgPack	Medium	read_whole_file	0.0297396183013916
Write	MsgPack	Medium	1_categorical	0.0010793209075927734
Write	MsgPack	Medium	1_numeric	0.0012135505676269531
Write	MsgPack	Medium	1_of_each	0.0008943080902099609
Write	MsgPack	Medium	2_categorical	0.0008072853088378906
Write	MsgPack	Medium	2_numeric	0.0009353160858154297
Write	MsgPack	Medium	2_of_each	0.0006673336029052734
Write	Pickle	Medium	read_whole_file	0.012187004089355469
Write	Pickle	Medium	1_categorical	0.0011830329895019531
Write	Pickle	Medium	1_numeric	0.0019865036010742188
Write	Pickle	Medium	1_of_each	0.0012316703796386719
Write	Pickle	Medium	2_categorical	0.0010619163513183594
Write	Pickle	Medium	2_numeric	0.0016620159149169922
Write	Pickle	Medium	2_of_each	0.0014233589172363281
Write	SQLite	Medium	read_whole_file	0.38245630264282227
Write	SQLite	Medium	1_categorical	0.02549433708190918
Write	SQLite	Medium	1_numeric	0.03230690956115723
Write	SQLite	Medium	1_of_each	0.021935701370239258
Write	SQLite	Medium	2_categorical	0.022583961486816406
Write	SQLite	Medium	2_numeric	0.028194189071655273
Write	SQLite	Medium	2_of_each	0.018677711486816406
Write	Stata	Medium	read_whole_file	0.3284440040588379
Write	Stata	Medium	1_categorical	0.06360769271850586
Write	Stata	Medium	1_numeric	0.034668684005737305
Write	Stata	Medium	1_of_each	0.03601503372192383
Write	Stata	Medium	2_categorical	0.03555893898010254
Write	Stata	Medium	2_numeric	0.03272509574890137
Write	Stata	Medium	2_of_each	0.043060302734375
Write	TSV	Medium	read_whole_file	0.08252191543579102
Write	TSV	Medium	1_categorical	0.002307415008544922
Write	TSV	Medium	1_numeric	0.005431652069091797
Write	TSV	Medium	1_of_each	0.0025246143341064453
Write	TSV	Medium	2_categorical	0.0016338825225830078
Write	TSV	Medium	2_numeric	0.00434422492980957
Write	TSV	Medium	2_of_each	0.0015664100646972656
Read	Parquet	METABRIC	read_whole_file	6.758765459060669
Read	Parquet	METABRIC	1_categorical	1.0140626430511475
Read	Parquet	METABRIC	1_numeric	0.5330255031585693
Read	Parquet	METABRIC	1_of_each	0.5640048980712891
Read	Parquet	METABRIC	2_categorical	0.6797811985015869
Read	Parquet	METABRIC	2_numeric	0.620049238204956
Read	Parquet	METABRIC	2_of_each	0.6015784740447998
Read	CSV	METABRIC	read_whole_file	119.1660704612732
Read	CSV	METABRIC	1_categorical	5.043864727020264
Read	CSV	METABRIC	1_numeric	4.270423889160156
Read	CSV	METABRIC	1_of_each	4.645069360733032
Read	CSV	METABRIC	2_categorical	4.6291844844818115
Read	CSV	METABRIC	2_numeric	4.320743083953857
Read	CSV	METABRIC	2_of_each	4.6988208293914795
Read	Excel	METABRIC	read_whole_file	NA_technical
Read	Excel	METABRIC	1_categorical	NA_technical
Read	Excel	METABRIC	1_numeric	NA_technical
Read	Excel	METABRIC	1_of_each	NA_technical
Read	Excel	METABRIC	2_categorical	NA_technical
Read	Excel	METABRIC	2_numeric	NA_technical
Read	Excel	METABRIC	2_of_each	NA_technical
Read	GCT	METABRIC	read_whole_file	119.33484935760498
Read	GCT	METABRIC	1_categorical	120.54250645637512
Read	GCT	METABRIC	1_numeric	120.76127791404724
Read	GCT	METABRIC	1_of_each	122.04987096786499
Read	GCT	METABRIC	2_categorical	121.72390913963318
Read	GCT	METABRIC	2_numeric	119.99598217010498
Read	GCT	METABRIC	2_of_each	119.06689620018005
Read	HDF5	METABRIC	read_whole_file	5.465860605239868
Read	HDF5	METABRIC	1_categorical	8.096858501434326
Read	HDF5	METABRIC	1_numeric	7.158078193664551
Read	HDF5	METABRIC	1_of_each	7.3218300342559814
Read	HDF5	METABRIC	2_categorical	7.230028390884399
Read	HDF5	METABRIC	2_numeric	10.614162921905518
Read	HDF5	METABRIC	2_of_each	7.280492067337036
Read	JSON	METABRIC	read_whole_file	NA_super_slow
Read	JSON	METABRIC	1_categorical	NA_super_slow
Read	JSON	METABRIC	1_numeric	NA_super_slow
Read	JSON	METABRIC	1_of_each	NA_super_slow
Read	JSON	METABRIC	2_categorical	NA_super_slow
Read	JSON	METABRIC	2_numeric	NA_super_slow
Read	JSON	METABRIC	2_of_each	NA_super_slow
Read	MsgPack	METABRIC	read_whole_file	4.166385650634766
Read	MsgPack	METABRIC	1_categorical	5.3560566902160645
Read	MsgPack	METABRIC	1_numeric	5.056958198547363
Read	MsgPack	METABRIC	1_of_each	5.098611116409302
Read	MsgPack	METABRIC	2_categorical	5.009819269180298
Read	MsgPack	METABRIC	2_numeric	4.988341808319092
Read	MsgPack	METABRIC	2_of_each	5.079520225524902
Read	Pickle	METABRIC	read_whole_file	3.6868607997894287
Read	Pickle	METABRIC	1_categorical	5.008898019790649
Read	Pickle	METABRIC	1_numeric	4.658507347106934
Read	Pickle	METABRIC	1_of_each	4.653449535369873
Read	Pickle	METABRIC	2_categorical	4.847705841064453
Read	Pickle	METABRIC	2_numeric	4.5205981731414795
Read	Pickle	METABRIC	2_of_each	4.623510122299194
Read	SQLite	METABRIC	read_whole_file	NA_technical
Read	SQLite	METABRIC	1_categorical	NA_technical
Read	SQLite	METABRIC	1_numeric	NA_technical
Read	SQLite	METABRIC	1_of_each	NA_technical
Read	SQLite	METABRIC	2_categorical	NA_technical
Read	SQLite	METABRIC	2_numeric	NA_technical
Read	SQLite	METABRIC	2_of_each	NA_technical
Read	Stata	METABRIC	read_whole_file	NA_technical
Read	Stata	METABRIC	1_categorical	NA_technical
Read	Stata	METABRIC	1_numeric	NA_technical
Read	Stata	METABRIC	1_of_each	NA_technical
Read	Stata	METABRIC	2_categorical	NA_technical
Read	Stata	METABRIC	2_numeric	NA_technical
Read	Stata	METABRIC	2_of_each	NA_technical
Read	TSV	METABRIC	read_whole_file	121.32479977607727
Read	TSV	METABRIC	1_categorical	5.075969219207764
Read	TSV	METABRIC	1_numeric	4.147529363632202
Read	TSV	METABRIC	1_of_each	4.552367210388184
Read	TSV	METABRIC	2_categorical	4.613655090332031
Read	TSV	METABRIC	2_numeric	4.143970966339111
Read	TSV	METABRIC	2_of_each	4.59917688369751
Write	Parquet	METABRIC	read_whole_file	13.325199604034424
Write	Parquet	METABRIC	1_categorical	0.006043910980224609
Write	Parquet	METABRIC	1_numeric	0.0014226436614990234
Write	Parquet	METABRIC	1_of_each	0.0023696422576904297
Write	Parquet	METABRIC	2_categorical	0.0058612823486328125
Write	Parquet	METABRIC	2_numeric	0.0030050277709960938
Write	Parquet	METABRIC	2_of_each	0.0024437904357910156
Write	CSV	METABRIC	read_whole_file	112.79451203346252
Write	CSV	METABRIC	1_categorical	0.0026428699493408203
Write	CSV	METABRIC	1_numeric	0.000986337661743164
Write	CSV	METABRIC	1_of_each	0.0015404224395751953
Write	CSV	METABRIC	2_categorical	0.0026388168334960938
Write	CSV	METABRIC	2_numeric	0.002148151397705078
Write	CSV	METABRIC	2_of_each	0.0014243125915527344
Write	GCT	METABRIC	read_whole_file	16.08029079437256
Write	GCT	METABRIC	1_categorical	0.005360603332519531
Write	GCT	METABRIC	1_numeric	0.002518892288208008
Write	GCT	METABRIC	1_of_each	0.007631063461303711
Write	GCT	METABRIC	2_categorical	0.01105356216430664
Write	GCT	METABRIC	2_numeric	0.002784252166748047
Write	GCT	METABRIC	2_of_each	0.0009469985961914062
Write	HDF5	METABRIC	read_whole_file	15.384710550308228
Write	HDF5	METABRIC	1_categorical	0.007231950759887695
Write	HDF5	METABRIC	1_numeric	0.008411645889282227
Write	HDF5	METABRIC	1_of_each	0.013349771499633789
Write	HDF5	METABRIC	2_categorical	0.011576652526855469
Write	HDF5	METABRIC	2_numeric	0.014936208724975586
Write	HDF5	METABRIC	2_of_each	0.013732671737670898
Write	MsgPack	METABRIC	read_whole_file	5.950242280960083
Write	MsgPack	METABRIC	1_categorical	0.001008749008178711
Write	MsgPack	METABRIC	1_numeric	0.0005254745483398438
Write	MsgPack	METABRIC	1_of_each	0.0010480880737304688
Write	MsgPack	METABRIC	2_categorical	0.0008025169372558594
Write	MsgPack	METABRIC	2_numeric	0.0011625289916992188
Write	MsgPack	METABRIC	2_of_each	0.0007944107055664062
Write	Pickle	METABRIC	read_whole_file	6.320716142654419
Write	Pickle	METABRIC	1_categorical	0.0015742778778076172
Write	Pickle	METABRIC	1_numeric	0.0008733272552490234
Write	Pickle	METABRIC	1_of_each	0.0015103816986083984
Write	Pickle	METABRIC	2_categorical	0.0011887550354003906
Write	Pickle	METABRIC	2_numeric	0.0017321109771728516
Write	Pickle	METABRIC	2_of_each	0.0010693073272705078
Write	TSV	METABRIC	read_whole_file	109.72437453269958
Write	TSV	METABRIC	1_categorical	0.002664804458618164
Write	TSV	METABRIC	1_numeric	0.001009225845336914
Write	TSV	METABRIC	1_of_each	0.001611948013305664
Write	TSV	METABRIC	2_categorical	0.003207683563232422
Write	TSV	METABRIC	2_numeric	0.0014374256134033203
Write	TSV	METABRIC	2_of_each	0.001171112060546875
Read	Parquet	Tall	read_whole_file	1.029932975769043
Read	Parquet	Tall	1_categorical	0.6900217533111572
Read	Parquet	Tall	1_numeric	0.19884943962097168
Read	Parquet	Tall	1_of_each	0.3883514404296875
Read	Parquet	Tall	2_categorical	0.4975423812866211
Read	Parquet	Tall	2_numeric	0.1929159164428711
Read	Parquet	Tall	2_of_each	0.39034605026245117
Read	CSV	Tall	read_whole_file	1.046891212463379
Read	CSV	Tall	1_categorical	0.662013053894043
Read	CSV	Tall	1_numeric	0.5921456813812256
Read	CSV	Tall	1_of_each	0.6748027801513672
Read	CSV	Tall	2_categorical	0.7195158004760742
Read	CSV	Tall	2_numeric	0.6445372104644775
Read	CSV	Tall	2_of_each	0.7848184108734131
Read	Excel	Tall	read_whole_file	102.55450344085693
Read	Excel	Tall	1_categorical	102.965261220932
Read	Excel	Tall	1_numeric	105.76523971557617
Read	Excel	Tall	1_of_each	104.72514271736145
Read	Excel	Tall	2_categorical	104.75457739830017
Read	Excel	Tall	2_numeric	104.28585386276245
Read	Excel	Tall	2_of_each	104.32283806800842
Read	GCT	Tall	read_whole_file	1.0203020572662354
Read	GCT	Tall	1_categorical	1.048429012298584
Read	GCT	Tall	1_numeric	0.998143196105957
Read	GCT	Tall	1_of_each	1.0591070652008057
Read	GCT	Tall	2_categorical	1.0518913269042969
Read	GCT	Tall	2_numeric	1.0438919067382812
Read	GCT	Tall	2_of_each	0.9738492965698242
Read	HDF5	Tall	read_whole_file	0.7625114917755127
Read	HDF5	Tall	1_categorical	0.8573498725891113
Read	HDF5	Tall	1_numeric	0.8515715599060059
Read	HDF5	Tall	1_of_each	0.8521218299865723
Read	HDF5	Tall	2_categorical	0.8683762550354004
Read	HDF5	Tall	2_numeric	0.8817272186279297
Read	HDF5	Tall	2_of_each	0.8703324794769287
Read	JSON	Tall	read_whole_file	13.899572849273682
Read	JSON	Tall	1_categorical	15.894027471542358
Read	JSON	Tall	1_numeric	14.27060842514038
Read	JSON	Tall	1_of_each	13.972749948501587
Read	JSON	Tall	2_categorical	14.34352731704712
Read	JSON	Tall	2_numeric	14.246481657028198
Read	JSON	Tall	2_of_each	14.196704387664795
Read	MsgPack	Tall	read_whole_file	0.9106130599975586
Read	MsgPack	Tall	1_categorical	1.1845521926879883
Read	MsgPack	Tall	1_numeric	1.15346360206604
Read	MsgPack	Tall	1_of_each	1.0574274063110352
Read	MsgPack	Tall	2_categorical	1.154371738433838
Read	MsgPack	Tall	2_numeric	1.0650558471679688
Read	MsgPack	Tall	2_of_each	1.0757482051849365
Read	Pickle	Tall	read_whole_file	0.32634449005126953
Read	Pickle	Tall	1_categorical	0.44072675704956055
Read	Pickle	Tall	1_numeric	0.4081442356109619
Read	Pickle	Tall	1_of_each	0.8665883541107178
Read	Pickle	Tall	2_categorical	0.48049020767211914
Read	Pickle	Tall	2_numeric	0.46522974967956543
Read	Pickle	Tall	2_of_each	0.43254590034484863
Read	SQLite	Tall	read_whole_file	4.73385763168335
Read	SQLite	Tall	1_categorical	1.5380487442016602
Read	SQLite	Tall	1_numeric	1.4522745609283447
Read	SQLite	Tall	1_of_each	1.8423876762390137
Read	SQLite	Tall	2_categorical	1.8898980617523193
Read	SQLite	Tall	2_numeric	1.9207172393798828
Read	SQLite	Tall	2_of_each	2.6070308685302734
Read	Stata	Tall	read_whole_file	4.372175455093384
Read	Stata	Tall	1_categorical	2.174983263015747
Read	Stata	Tall	1_numeric	1.286755084991455
Read	Stata	Tall	1_of_each	1.9040520191192627
Read	Stata	Tall	2_categorical	2.552969217300415
Read	Stata	Tall	2_numeric	1.4566738605499268
Read	Stata	Tall	2_of_each	2.5280542373657227
Read	TSV	Tall	read_whole_file	1.0118794441223145
Read	TSV	Tall	1_categorical	0.685521125793457
Read	TSV	Tall	1_numeric	0.6441807746887207
Read	TSV	Tall	1_of_each	0.6330699920654297
Read	TSV	Tall	2_categorical	0.6677472591400146
Read	TSV	Tall	2_numeric	0.6569674015045166
Read	TSV	Tall	2_of_each	0.7459633350372314
Write	Parquet	Tall	read_whole_file	1.3196280002593994
Write	Parquet	Tall	1_categorical	0.1707897186279297
Write	Parquet	Tall	1_numeric	0.31535959243774414
Write	Parquet	Tall	1_of_each	0.17534613609313965
Write	Parquet	Tall	2_categorical	0.0893411636352539
Write	Parquet	Tall	2_numeric	0.22374582290649414
Write	Parquet	Tall	2_of_each	0.06377196311950684
Write	CSV	Tall	read_whole_file	5.969156980514526
Write	CSV	Tall	1_categorical	0.29413795471191406
Write	CSV	Tall	1_numeric	1.3141705989837646
Write	CSV	Tall	1_of_each	0.4046006202697754
Write	CSV	Tall	2_categorical	0.1914536952972412
Write	CSV	Tall	2_numeric	1.390268087387085
Write	CSV	Tall	2_of_each	0.1079568862915039
Write	Excel	Tall	read_whole_file	188.57318329811096
Write	Excel	Tall	1_categorical	13.259952783584595
Write	Excel	Tall	1_numeric	38.52911710739136
Write	Excel	Tall	1_of_each	12.091692447662354
Write	Excel	Tall	2_categorical	4.508734226226807
Write	Excel	Tall	2_numeric	31.9712655544281
Write	Excel	Tall	2_of_each	3.0760133266448975
Write	GCT	Tall	read_whole_file	0.7574942111968994
Write	GCT	Tall	1_categorical	0.09143781661987305
Write	GCT	Tall	1_numeric	0.0561823844909668
Write	GCT	Tall	1_of_each	0.08280348777770996
Write	GCT	Tall	2_categorical	0.04366350173950195
Write	GCT	Tall	2_numeric	0.049492835998535156
Write	GCT	Tall	2_of_each	0.025930166244506836
Write	HDF5	Tall	read_whole_file	2.922884702682495
Write	HDF5	Tall	1_categorical	0.19295096397399902
Write	HDF5	Tall	1_numeric	0.21606874465942383
Write	HDF5	Tall	1_of_each	0.1323847770690918
Write	HDF5	Tall	2_categorical	0.06093573570251465
Write	HDF5	Tall	2_numeric	0.17146658897399902
Write	HDF5	Tall	2_of_each	0.0359194278717041
Write	JSON	Tall	read_whole_file	1.3584048748016357
Write	JSON	Tall	1_categorical	0.09564018249511719
Write	JSON	Tall	1_numeric	0.23781824111938477
Write	JSON	Tall	1_of_each	0.10535478591918945
Write	JSON	Tall	2_categorical	0.05985093116760254
Write	JSON	Tall	2_numeric	0.21719861030578613
Write	JSON	Tall	2_of_each	0.041776418685913086
Write	MsgPack	Tall	read_whole_file	1.5072476863861084
Write	MsgPack	Tall	1_categorical	0.12278604507446289
Write	MsgPack	Tall	1_numeric	0.1930546760559082
Write	MsgPack	Tall	1_of_each	0.12485742568969727
Write	MsgPack	Tall	2_categorical	0.06323981285095215
Write	MsgPack	Tall	2_numeric	0.1537010669708252
Write	MsgPack	Tall	2_of_each	0.03963041305541992
Write	Pickle	Tall	read_whole_file	2.047790765762329
Write	Pickle	Tall	1_categorical	0.13687825202941895
Write	Pickle	Tall	1_numeric	0.2254042625427246
Write	Pickle	Tall	1_of_each	0.10122060775756836
Write	Pickle	Tall	2_categorical	0.046478271484375
Write	Pickle	Tall	2_numeric	0.15406179428100586
Write	Pickle	Tall	2_of_each	0.026251554489135742
Write	SQLite	Tall	read_whole_file	17.813430786132812
Write	SQLite	Tall	1_categorical	1.746133804321289
Write	SQLite	Tall	1_numeric	5.5647032260894775
Write	SQLite	Tall	1_of_each	1.5824017524719238
Write	SQLite	Tall	2_categorical	0.5616998672485352
Write	SQLite	Tall	2_numeric	4.116317510604858
Write	SQLite	Tall	2_of_each	0.40204524993896484
Write	Stata	Tall	read_whole_file	11.55649709701538
Write	Stata	Tall	1_categorical	1.5363869667053223
Write	Stata	Tall	1_numeric	1.798022985458374
Write	Stata	Tall	1_of_each	1.1586768627166748
Write	Stata	Tall	2_categorical	0.5551242828369141
Write	Stata	Tall	2_numeric	1.3285949230194092
Write	Stata	Tall	2_of_each	0.46762609481811523
Write	TSV	Tall	read_whole_file	5.892283916473389
Write	TSV	Tall	1_categorical	0.2926344871520996
Write	TSV	Tall	1_numeric	1.2849493026733398
Write	TSV	Tall	1_of_each	0.37418198585510254
Write	TSV	Tall	2_categorical	0.09474062919616699
Write	TSV	Tall	2_numeric	1.3696928024291992
Write	TSV	Tall	2_of_each	0.11028504371643066
Filter	Parquet	Small	read_whole_file	NA
Filter	Parquet	Small	1_categorical	0.023084402084350586
Filter	Parquet	Small	1_numeric	0.0050716400146484375
Filter	Parquet	Small	1_of_each	0.004384040832519531
Filter	Parquet	Small	2_categorical	0.004190921783447266
Filter	Parquet	Small	2_numeric	0.0032224655151367188
Filter	Parquet	Small	2_of_each	0.007589101791381836
Filter	CSV	Small	read_whole_file	NA
Filter	CSV	Small	1_categorical	0.0031943321228027344
Filter	CSV	Small	1_numeric	0.0030586719512939453
Filter	CSV	Small	1_of_each	0.0030982494354248047
Filter	CSV	Small	2_categorical	0.0031223297119140625
Filter	CSV	Small	2_numeric	0.0022287368774414062
Filter	CSV	Small	2_of_each	0.0042536258697509766
Filter	Excel	Small	read_whole_file	NA
Filter	Excel	Small	1_categorical	0.0013821125030517578
Filter	Excel	Small	1_numeric	0.0014164447784423828
Filter	Excel	Small	1_of_each	0.002191781997680664
Filter	Excel	Small	2_categorical	0.002191781997680664
Filter	Excel	Small	2_numeric	0.0016779899597167969
Filter	Excel	Small	2_of_each	0.0030145645141601562
Filter	GCT	Small	read_whole_file	NA
Filter	GCT	Small	1_categorical	0.0013420581817626953
Filter	GCT	Small	1_numeric	0.0014598369598388672
Filter	GCT	Small	1_of_each	0.0023355484008789062
Filter	GCT	Small	2_categorical	0.0022335052490234375
Filter	GCT	Small	2_numeric	0.0017366409301757812
Filter	GCT	Small	2_of_each	0.0025565624237060547
Filter	HDF5	Small	read_whole_file	NA
Filter	HDF5	Small	1_categorical	0.001435995101928711
Filter	HDF5	Small	1_numeric	0.0014388561248779297
Filter	HDF5	Small	1_of_each	0.002132892608642578
Filter	HDF5	Small	2_categorical	0.002140045166015625
Filter	HDF5	Small	2_numeric	0.0016856193542480469
Filter	HDF5	Small	2_of_each	0.0031015872955322266
Filter	JSON	Small	read_whole_file	NA
Filter	JSON	Small	1_categorical	0.0015552043914794922
Filter	JSON	Small	1_numeric	0.0014820098876953125
Filter	JSON	Small	1_of_each	0.0024347305297851562
Filter	JSON	Small	2_categorical	0.0022161006927490234
Filter	JSON	Small	2_numeric	0.0018084049224853516
Filter	JSON	Small	2_of_each	0.0032625198364257812
Filter	MsgPack	Small	read_whole_file	NA
Filter	MsgPack	Small	1_categorical	0.0013473033905029297
Filter	MsgPack	Small	1_numeric	0.0014171600341796875
Filter	MsgPack	Small	1_of_each	0.002243518829345703
Filter	MsgPack	Small	2_categorical	0.002155303955078125
Filter	MsgPack	Small	2_numeric	0.0016672611236572266
Filter	MsgPack	Small	2_of_each	0.0030007362365722656
Filter	Pickle	Small	read_whole_file	NA
Filter	Pickle	Small	1_categorical	0.001413583755493164
Filter	Pickle	Small	1_numeric	0.0014820098876953125
Filter	Pickle	Small	1_of_each	0.0022537708282470703
Filter	Pickle	Small	2_categorical	0.002264738082885742
Filter	Pickle	Small	2_numeric	0.0017538070678710938
Filter	Pickle	Small	2_of_each	0.0031719207763671875
Filter	SQLite	Small	read_whole_file	NA
Filter	SQLite	Small	1_categorical	0.0019168853759765625
Filter	SQLite	Small	1_numeric	0.0017120838165283203
Filter	SQLite	Small	1_of_each	0.0021390914916992188
Filter	SQLite	Small	2_categorical	0.0022728443145751953
Filter	SQLite	Small	2_numeric	0.0017206668853759766
Filter	SQLite	Small	2_of_each	0.003083467483520508
Filter	Stata	Small	read_whole_file	NA
Filter	Stata	Small	1_categorical	0.0014700889587402344
Filter	Stata	Small	1_numeric	0.0014958381652832031
Filter	Stata	Small	1_of_each	0.002294301986694336
Filter	Stata	Small	2_categorical	0.0025098323822021484
Filter	Stata	Small	2_numeric	0.001890420913696289
Filter	Stata	Small	2_of_each	0.0034017562866210938
Filter	TSV	Small	read_whole_file	NA
Filter	TSV	Small	1_categorical	0.0014758110046386719
Filter	TSV	Small	1_numeric	0.0014607906341552734
Filter	TSV	Small	1_of_each	0.002245187759399414
Filter	TSV	Small	2_categorical	0.0022614002227783203
Filter	TSV	Small	2_numeric	0.0018837451934814453
Filter	TSV	Small	2_of_each	0.0031249523162841797
Filter	Parquet	Medium	read_whole_file	NA
Filter	Parquet	Medium	1_categorical	0.0031321048736572266
Filter	Parquet	Medium	1_numeric	0.0035190582275390625
Filter	Parquet	Medium	1_of_each	0.005413532257080078
Filter	Parquet	Medium	2_categorical	0.0038254261016845703
Filter	Parquet	Medium	2_numeric	0.005425214767456055
Filter	Parquet	Medium	2_of_each	0.005540609359741211
Filter	CSV	Medium	read_whole_file	NA
Filter	CSV	Medium	1_categorical	0.0019023418426513672
Filter	CSV	Medium	1_numeric	0.002590656280517578
Filter	CSV	Medium	1_of_each	0.003193378448486328
Filter	CSV	Medium	2_categorical	0.0030667781829833984
Filter	CSV	Medium	2_numeric	0.0023081302642822266
Filter	CSV	Medium	2_of_each	0.0034952163696289062
Filter	Excel	Medium	read_whole_file	NA
Filter	Excel	Medium	1_categorical	0.0035779476165771484
Filter	Excel	Medium	1_numeric	0.0017430782318115234
Filter	Excel	Medium	1_of_each	0.002929210662841797
Filter	Excel	Medium	2_categorical	0.0027785301208496094
Filter	Excel	Medium	2_numeric	0.0020744800567626953
Filter	Excel	Medium	2_of_each	0.004030704498291016
Filter	GCT	Medium	read_whole_file	NA
Filter	GCT	Medium	1_categorical	0.002397298812866211
Filter	GCT	Medium	1_numeric	0.0017299652099609375
Filter	GCT	Medium	1_of_each	0.002595663070678711
Filter	GCT	Medium	2_categorical	0.0023627281188964844
Filter	GCT	Medium	2_numeric	0.0020051002502441406
Filter	GCT	Medium	2_of_each	0.004086017608642578
Filter	HDF5	Medium	read_whole_file	NA
Filter	HDF5	Medium	1_categorical	0.0014734268188476562
Filter	HDF5	Medium	1_numeric	0.0015265941619873047
Filter	HDF5	Medium	1_of_each	0.0023882389068603516
Filter	HDF5	Medium	2_categorical	0.002151966094970703
Filter	HDF5	Medium	2_numeric	0.002538442611694336
Filter	HDF5	Medium	2_of_each	0.003396272659301758
Filter	JSON	Medium	read_whole_file	NA
Filter	JSON	Medium	1_categorical	0.0018112659454345703
Filter	JSON	Medium	1_numeric	0.0021483898162841797
Filter	JSON	Medium	1_of_each	0.00292205810546875
Filter	JSON	Medium	2_categorical	0.0029468536376953125
Filter	JSON	Medium	2_numeric	0.0023059844970703125
Filter	JSON	Medium	2_of_each	0.003316164016723633
Filter	MsgPack	Medium	read_whole_file	NA
Filter	MsgPack	Medium	1_categorical	0.0016646385192871094
Filter	MsgPack	Medium	1_numeric	0.0016622543334960938
Filter	MsgPack	Medium	1_of_each	0.004077434539794922
Filter	MsgPack	Medium	2_categorical	0.0025386810302734375
Filter	MsgPack	Medium	2_numeric	0.0019481182098388672
Filter	MsgPack	Medium	2_of_each	0.003485441207885742
Filter	Pickle	Medium	read_whole_file	NA
Filter	Pickle	Medium	1_categorical	0.0015480518341064453
Filter	Pickle	Medium	1_numeric	0.001630544662475586
Filter	Pickle	Medium	1_of_each	0.0025620460510253906
Filter	Pickle	Medium	2_categorical	0.002460002899169922
Filter	Pickle	Medium	2_numeric	0.0018894672393798828
Filter	Pickle	Medium	2_of_each	0.003309488296508789
Filter	SQLite	Medium	read_whole_file	NA
Filter	SQLite	Medium	1_categorical	0.0016112327575683594
Filter	SQLite	Medium	1_numeric	0.001644134521484375
Filter	SQLite	Medium	1_of_each	0.002510547637939453
Filter	SQLite	Medium	2_categorical	0.00250244140625
Filter	SQLite	Medium	2_numeric	0.0018465518951416016
Filter	SQLite	Medium	2_of_each	0.003330707550048828
Filter	Stata	Medium	read_whole_file	NA
Filter	Stata	Medium	1_categorical	0.0017120838165283203
Filter	Stata	Medium	1_numeric	0.0019996166229248047
Filter	Stata	Medium	1_of_each	0.0027599334716796875
Filter	Stata	Medium	2_categorical	0.002809286117553711
Filter	Stata	Medium	2_numeric	0.0022430419921875
Filter	Stata	Medium	2_of_each	0.00347900390625
Filter	TSV	Medium	read_whole_file	NA
Filter	TSV	Medium	1_categorical	0.0014820098876953125
Filter	TSV	Medium	1_numeric	0.0015287399291992188
Filter	TSV	Medium	1_of_each	0.0022749900817871094
Filter	TSV	Medium	2_categorical	0.0025103092193603516
Filter	TSV	Medium	2_numeric	0.0017817020416259766
Filter	TSV	Medium	2_of_each	0.0031442642211914062
Filter	Parquet	METABRIC	read_whole_file	NA
Filter	Parquet	METABRIC	1_categorical	0.002679586410522461
Filter	Parquet	METABRIC	1_numeric	0.0021436214447021484
Filter	Parquet	METABRIC	1_of_each	0.005639076232910156
Filter	Parquet	METABRIC	2_categorical	0.005796194076538086
Filter	Parquet	METABRIC	2_numeric	0.0036160945892333984
Filter	Parquet	METABRIC	2_of_each	0.00713348388671875
Filter	CSV	METABRIC	read_whole_file	NA
Filter	CSV	METABRIC	1_categorical	0.0023488998413085938
Filter	CSV	METABRIC	1_numeric	0.002463102340698242
Filter	CSV	METABRIC	1_of_each	0.003087759017944336
Filter	CSV	METABRIC	2_categorical	0.003233671188354492
Filter	CSV	METABRIC	2_numeric	0.002210855484008789
Filter	CSV	METABRIC	2_of_each	0.0038604736328125
Filter	Excel	METABRIC	read_whole_file	NA_technical
Filter	Excel	METABRIC	1_categorical	NA_technical
Filter	Excel	METABRIC	1_numeric	NA_technical
Filter	Excel	METABRIC	1_of_each	NA_technical
Filter	Excel	METABRIC	2_categorical	NA_technical
Filter	Excel	METABRIC	2_numeric	NA_technical
Filter	Excel	METABRIC	2_of_each	NA_technical
Filter	GCT	METABRIC	read_whole_file	NA
Filter	GCT	METABRIC	1_categorical	0.0030558109283447266
Filter	GCT	METABRIC	1_numeric	0.0019903182983398438
Filter	GCT	METABRIC	1_of_each	0.0030126571655273438
Filter	GCT	METABRIC	2_categorical	0.0033648014068603516
Filter	GCT	METABRIC	2_numeric	0.0024085044860839844
Filter	GCT	METABRIC	2_of_each	0.004187583923339844
Filter	HDF5	METABRIC	read_whole_file	NA
Filter	HDF5	METABRIC	1_categorical	0.0024988651275634766
Filter	HDF5	METABRIC	1_numeric	0.0020792484283447266
Filter	HDF5	METABRIC	1_of_each	0.0030641555786132812
Filter	HDF5	METABRIC	2_categorical	0.003288745880126953
Filter	HDF5	METABRIC	2_numeric	0.002253293991088867
Filter	HDF5	METABRIC	2_of_each	0.00418543815612793
Filter	JSON	METABRIC	read_whole_file	NA_super_slow
Filter	JSON	METABRIC	1_categorical	NA_super_slow
Filter	JSON	METABRIC	1_numeric	NA_super_slow
Filter	JSON	METABRIC	1_of_each	NA_super_slow
Filter	JSON	METABRIC	2_categorical	NA_super_slow
Filter	JSON	METABRIC	2_numeric	NA_super_slow
Filter	JSON	METABRIC	2_of_each	NA_super_slow
Filter	MsgPack	METABRIC	read_whole_file	NA
Filter	MsgPack	METABRIC	1_categorical	0.002264261245727539
Filter	MsgPack	METABRIC	1_numeric	0.0019681453704833984
Filter	MsgPack	METABRIC	1_of_each	0.0029430389404296875
Filter	MsgPack	METABRIC	2_categorical	4.1030189990997314
Filter	MsgPack	METABRIC	2_numeric	0.0022716522216796875
Filter	MsgPack	METABRIC	2_of_each	0.003998517990112305
Filter	Pickle	METABRIC	read_whole_file	NA
Filter	Pickle	METABRIC	1_categorical	0.0030934810638427734
Filter	Pickle	METABRIC	1_numeric	0.002104043960571289
Filter	Pickle	METABRIC	1_of_each	0.0030112266540527344
Filter	Pickle	METABRIC	2_categorical	3.515827178955078
Filter	Pickle	METABRIC	2_numeric	0.0022783279418945312
Filter	Pickle	METABRIC	2_of_each	0.00399017333984375
Filter	SQLite	METABRIC	read_whole_file	NA_technical
Filter	SQLite	METABRIC	1_categorical	NA_technical
Filter	SQLite	METABRIC	1_numeric	NA_technical
Filter	SQLite	METABRIC	1_of_each	NA_technical
Filter	SQLite	METABRIC	2_categorical	NA_technical
Filter	SQLite	METABRIC	2_numeric	NA_technical
Filter	SQLite	METABRIC	2_of_each	NA_technical
Filter	Stata	METABRIC	read_whole_file	NA_technical
Filter	Stata	METABRIC	1_categorical	NA_technical
Filter	Stata	METABRIC	1_numeric	NA_technical
Filter	Stata	METABRIC	1_of_each	NA_technical
Filter	Stata	METABRIC	2_categorical	NA_technical
Filter	Stata	METABRIC	2_numeric	NA_technical
Filter	Stata	METABRIC	2_of_each	NA_technical
Filter	TSV	METABRIC	read_whole_file	NA
Filter	TSV	METABRIC	1_categorical	0.0028951168060302734
Filter	TSV	METABRIC	1_numeric	0.001993894577026367
Filter	TSV	METABRIC	1_of_each	0.0028467178344726562
Filter	TSV	METABRIC	2_categorical	0.002852201461791992
Filter	TSV	METABRIC	2_numeric	0.0021407604217529297
Filter	TSV	METABRIC	2_of_each	0.0037164688110351562
Filter	Parquet	Tall	read_whole_file	NA
Filter	Parquet	Tall	1_categorical	0.15018510818481445
Filter	Parquet	Tall	1_numeric	0.04358863830566406
Filter	Parquet	Tall	1_of_each	0.08940410614013672
Filter	Parquet	Tall	2_categorical	0.15776753425598145
Filter	Parquet	Tall	2_numeric	0.2192223072052002
Filter	Parquet	Tall	2_of_each	0.15874552726745605
Filter	CSV	Tall	read_whole_file	NA
Filter	CSV	Tall	1_categorical	0.028733015060424805
Filter	CSV	Tall	1_numeric	0.023456811904907227
Filter	CSV	Tall	1_of_each	0.03983139991760254
Filter	CSV	Tall	2_categorical	0.03867673873901367
Filter	CSV	Tall	2_numeric	0.024904727935791016
Filter	CSV	Tall	2_of_each	0.2790415287017822
Filter	Excel	Tall	read_whole_file	NA
Filter	Excel	Tall	1_categorical	0.09485125541687012
Filter	Excel	Tall	1_numeric	0.09352660179138184
Filter	Excel	Tall	1_of_each	0.11778092384338379
Filter	Excel	Tall	2_categorical	0.16307401657104492
Filter	Excel	Tall	2_numeric	0.11409235000610352
Filter	Excel	Tall	2_of_each	0.13227295875549316
Filter	GCT	Tall	read_whole_file	NA
Filter	GCT	Tall	1_categorical	0.028345108032226562
Filter	GCT	Tall	1_numeric	0.028370141983032227
Filter	GCT	Tall	1_of_each	0.029895782470703125
Filter	GCT	Tall	2_categorical	0.03940463066101074
Filter	GCT	Tall	2_numeric	0.1787431240081787
Filter	GCT	Tall	2_of_each	0.04002189636230469
Filter	HDF5	Tall	read_whole_file	NA
Filter	HDF5	Tall	1_categorical	0.027942419052124023
Filter	HDF5	Tall	1_numeric	0.023769617080688477
Filter	HDF5	Tall	1_of_each	0.02955794334411621
Filter	HDF5	Tall	2_categorical	0.19490623474121094
Filter	HDF5	Tall	2_numeric	0.026802778244018555
Filter	HDF5	Tall	2_of_each	0.0407109260559082
Filter	JSON	Tall	read_whole_file	NA
Filter	JSON	Tall	1_categorical	0.054351091384887695
Filter	JSON	Tall	1_numeric	0.028965234756469727
Filter	JSON	Tall	1_of_each	0.0571131706237793
Filter	JSON	Tall	2_categorical	0.08981657028198242
Filter	JSON	Tall	2_numeric	0.028881072998046875
Filter	JSON	Tall	2_of_each	0.08922648429870605
Filter	MsgPack	Tall	read_whole_file	NA
Filter	MsgPack	Tall	1_categorical	0.05423545837402344
Filter	MsgPack	Tall	1_numeric	0.03284049034118652
Filter	MsgPack	Tall	1_of_each	0.34705543518066406
Filter	MsgPack	Tall	2_categorical	0.11535263061523438
Filter	MsgPack	Tall	2_numeric	0.024158716201782227
Filter	MsgPack	Tall	2_of_each	0.08864378929138184
Filter	Pickle	Tall	read_whole_file	NA
Filter	Pickle	Tall	1_categorical	0.028145313262939453
Filter	Pickle	Tall	1_numeric	0.02355170249938965
Filter	Pickle	Tall	1_of_each	0.029916048049926758
Filter	Pickle	Tall	2_categorical	0.03968024253845215
Filter	Pickle	Tall	2_numeric	0.029530048370361328
Filter	Pickle	Tall	2_of_each	0.03991961479187012
Filter	SQLite	Tall	read_whole_file	NA
Filter	SQLite	Tall	1_categorical	0.062591552734375
Filter	SQLite	Tall	1_numeric	0.029026508331298828
Filter	SQLite	Tall	1_of_each	0.10344219207763672
Filter	SQLite	Tall	2_categorical	0.17164182662963867
Filter	SQLite	Tall	2_numeric	0.029343843460083008
Filter	SQLite	Tall	2_of_each	0.17386460304260254
Filter	Stata	Tall	read_whole_file	NA
Filter	Stata	Tall	1_categorical	0.06800985336303711
Filter	Stata	Tall	1_numeric	0.026719093322753906
Filter	Stata	Tall	1_of_each	0.06594514846801758
Filter	Stata	Tall	2_categorical	0.10509872436523438
Filter	Stata	Tall	2_numeric	0.025754213333129883
Filter	Stata	Tall	2_of_each	0.10686683654785156
Filter	TSV	Tall	read_whole_file	NA
Filter	TSV	Tall	1_categorical	0.028610706329345703
Filter	TSV	Tall	1_numeric	0.02856302261352539
Filter	TSV	Tall	1_of_each	0.029350996017456055
Filter	TSV	Tall	2_categorical	0.039526939392089844
Filter	TSV	Tall	2_numeric	0.025594472885131836
Filter	TSV	Tall	2_of_each	0.20288968086242676
